<?xml version="1.0"?>
<data grt_format="2.0">
  <value _ptr_="000001D5C3815B70" type="list" content-type="object" content-struct-name="db.mgmt.Connection">
    <value type="object" struct-name="db.mgmt.Connection" id="{C13CEA6B-5C35-4283-B512-BE050B29F97B}" struct-checksum="0x96ba47d8">
      <link type="object" struct-name="db.mgmt.Driver" key="driver">com.mysql.rdbms.mysql.driver.native</link>
      <value type="string" key="hostIdentifier">Mysql@localhost:3306</value>
      <value type="int" key="isDefault">0</value>
      <value _ptr_="000001D5C51B26E0" type="dict" key="modules"/>
      <value _ptr_="000001D5C51B1E40" type="dict" key="parameterValues">
        <value type="string" key="hostName">localhost</value>
        <value type="int" key="lastConnected">1714589322</value>
        <value type="int" key="port">3306</value>
        <value type="string" key="serverVersion">8.0.37</value>
        <value type="string" key="userName">root</value>
      </value>
      <value type="string" key="name">Local instance MySQL80</value>
    </value>
  </value>
</data>
