<?xml version="1.0"?>
<data grt_format="2.0">
  <value _ptr_="000001D5C3814E50" type="list" content-type="object" content-struct-name="db.mgmt.ServerInstance">
    <value type="object" struct-name="db.mgmt.ServerInstance" id="{E187792D-A30A-47AF-9DFD-EB64C50985D4}" struct-checksum="0x367436e2">
      <link type="object" struct-name="db.mgmt.Connection" key="connection">{C13CEA6B-5C35-4283-B512-BE050B29F97B}</link>
      <value _ptr_="000001D5C51B1480" type="dict" key="loginInfo">
        <value type="string" key="wmi.hostName"></value>
        <value type="string" key="wmi.userName"></value>
      </value>
      <value _ptr_="000001D5C51B13C0" type="dict" key="serverInfo">
        <value type="int" key="setupPending">1</value>
        <value type="string" key="sys.config.path">C:\ProgramData\MySQL\MySQL Server 8.0\my.ini</value>
        <value type="int" key="sys.config.path.lock">1</value>
        <value type="string" key="sys.config.section">mysqld</value>
        <value type="string" key="sys.mysqld.service_name">MySQL80</value>
        <value type="string" key="sys.preset">Custom</value>
        <value type="string" key="sys.system">Windows</value>
        <value type="int" key="windowsAdmin">1</value>
      </value>
      <value type="string" key="name">Local MySQL80</value>
      <link type="object" struct-name="GrtObject" key="owner">{85C7E5A7-CD67-4AEC-92A6-C1118440FBD9}</link>
    </value>
  </value>
</data>
